Тип агента;Наименование агента;Электронная почта агента;Телефон агента;Логотип агента;Юридический адрес;Приоритет;Директор;ИНН;КПП
МФО;БухФлотФинансСнаб;elvira07@sysoeva.org;8-800-121-66-81;\agents\agent_93.png;035823, Смоленская область, город Одинцово, проезд Будапештсткая, 61;338;Ираклий Максимович Титова;4591032477;290155423
ПАО;ЛифтТомскСофтЦентр;izolda.vorontov@lytkina.ru;(812) 267-19-59;\agents\agent_116.png;280811, Омская область, город Балашиха, пер. Сталина, 15;76;Виноградоваа Вера Александровна;3908099185;747184361
МФО;Транс;email: artem.fadeev@polykov.com;+7 (922) 467-93-83;\agents\agent_66.png;508299, Кемеровская область, город Кашира, пер. Гагарина, 42;Приоритет = 38;Евсеева Болеслав Сергеевич;9604275878;951258069
ООО;CибОмскМорЦентр;fedotov.platon@pavlov.ru;8-800-317-35-79;\agents\agent_96.png;371407, Рязанская область, город Шатура, пл. Чехова, 48;68;Гавриил Сергеевич Игнатьев;3626169571;300062579
ПАО;ОрионТомскТех;faina.tikonova@veselov.com;phone: +7 (922) 851-23-23;\agents\agent_58.png;738763, Курская область, город Егорьевск, спуск Чехова, 66;73;Георгий Александрович Лукин;9351493429;583041591
ЗАО;КрепОрионСофтПром;viktoriy.belozerova@isaev.net;(495) 931-29-26;нет;351666, Ульяновская область, город Луховицы, въезд Косиора, 07;38;Алина Борисовна Потаповаа;3776671267;642177246
ООО;ПивРадиоВектор;nazarov.polina@voronova.ru;phone: (495) 445-61-43;\agents\agent_108.png;330228, Ивановская область, город Ногинск, ул. Славы, 42;245;Изабелла Борисовна Архиповаа;7447864518;211697866
МФО;БашкирИнфоЭлектро;lebedeva.larisa@lavrentev.net;8-800-232-56-37;\agents\agent_97.png;584771, Брянская область, город Раменское, наб. Славы, 53;289;Дорофеева Зинаида Борисовна;9037040523;803529530
ООО;Компания CибМоторКазань;email: tamara22@pavlova.com;(495) 713-51-83;\agents\agent_100.png;887741, Тульская область, город Пушкино, пр. Чехова, 77;136;Тетерина Георгий Сергеевич;6221520857;758155852
ООО;Компания Газ;email: alina56@zdanov.com;(812) 823-93-42;\agents\agent_59.png;310403, Кировская область, город Солнечногорск, пл. Балканская, 76;445;Давид Андреевич Фадеев;2262431140;247369527
МФО;СантехБашкир;email: nikodim81@kiseleva.com;8-800-582-39-19;\agents\agent_38.png;180288, Тверская область, город Одинцово, ул. Бухарестская, 37;369;Виктор Иванович Молчанов;4159215346;639267493
ПАО;ОрионГлав;sermakova@sarova.net;(35222) 96-19-26;\agents\agent_45.png;729639, Магаданская область, город Талдом, въезд Будапештсткая, 98;482 в приоритете на поставку;Тимофеева Григорий Андреевич;9032455179;763045792
ОАО;Мобайл;email: dsiryev@dementeva.com;8-800-511-43-61;\agents\agent_46.png;606703, Амурская область, город Чехов, пл. Будапештсткая, 91;464;Екатерина Сергеевна Бобылёва;7803888520;885703265
ООО;Компания ТомскХоз;email: nelli11@gureva.ru;(495) 893-71-17;\agents\agent_54.png;861543, Томская область, город Истра, бульвар Славы, 42;464;Лазарева Аркадий Сергеевич;8430391035;961540858
ПАО;ЛенХозРем;email: tdrozdov@ersova.ru;(35222) 73-44-19;\agents\agent_78.png;946112, Волгоградская область, город Шаховская, пл. Сталина, 98;3 в приоритете на поставку;Носов Михаил Андреевич;4318970454;389962934
ООО;Строй;wsamsonov@martynov.ru;phone: +7 (922) 233-27-68;\agents\agent_76.png;426305, Калининградская область, город Чехов, пл. Ломоносова, 00;258;Люся Владимировна Фёдороваа;7687851800;470221602
ОАО;ЭлектроТранс;boleslav.zukova@nikiforova.com;(495) 688-28-59;\agents\agent_30.png;434616, Калининградская область, город Павловский Посад, пл. Ладыгина, 83;129;Сава Александрович Титова;6019144874;450629885
ЗАО;Флот;gerasim.makarov@kornilov.ru;phone: 8-800-538-41-77;не указано;505562, Тюменская область, город Наро-Фоминск, пр. Косиора, 11;473 в приоритете на поставку;Василий Андреевич Ковалёв;1112170258;382584255
ЗАО;ОмскЛифтРадио;email: kanisimov@nikolaev.ru;(495) 452-58-94;\agents\agent_92.png;146093, Белгородская область, город Можайск, пл. Ломоносова, 94;373;Горбунов Назар Сергеевич;8325114917;356835763
ООО;ВостокНефть;stanislav.zykov@volkova.net;+7 (922) 596-14-53;\agents\agent_120.png;171297, Оренбургская область, город Зарайск, проезд Сталина, 17;49;Данила Александрович Кириллов;3532367439;788413794
ЗАО;СервисХмельМонтаж;galina31@melnikov.ru;phone: (35222) 39-28-95;\agents\agent_31.png;928260, Нижегородская область, город Балашиха, пл. Косиора, 44;124;Анжелика Дмитриевна Горбунова;3459886235;356196105
ПАО;АсбоцементЛифтРеч-H;vladlena58@seliverstova.ru;(495) 284-69-37;\agents\agent_44.png;599158, Ростовская область, город Озёры, ул. Космонавтов, 05;407;Кондратьева Таисия Андреевна;6567878928;560960507
ОАО;БухМоторТомск;dmitrii05@zukov.ru;(812) 132-93-75;\agents\agent_95.png;936264, Ростовская область, город Ногинск, проезд Славы, 52;Приоритет = 65;Игорь Львович Щукина;5630128011;571438707
ЗАО;Глав;albert57@burova.ru;(812) 524-87-16;отсутствует;077760, Ленинградская область, город Сергиев Посад, спуск Славы, 05;35 в приоритете на поставку;Герман Иванович Гусева;6433380154;715096638
ПАО;Тяж;vladlen06@melnikov.net;(812) 976-77-15;\agents\agent_106.png;395435, Мурманская область, город Красногорск, шоссе Косиора, 47;402;Бронислав Владимирович Ефимов;3302080044;733101773
ОАО;ТелекомГор;email: gorskov.larisa@kalinin.com;8-800-752-71-45;\agents\agent_37.png;210024, Белгородская область, город Сергиев Посад, наб. Ломоносова, 43;255 в приоритете на поставку;Ксения Андреевна Михайлова;3748947224;766431901
ОАО;ОрионХмельCиб;pstepanova@siryev.com;(35222) 85-24-18;\agents\agent_105.png;266126, Ленинградская область, город Сергиев Посад, шоссе Чехова, 31;173;Воробьёва Родион Максимович;9895514594;587685742
ОАО;РадиоСевер;email: maiy.belov@rogov.ru;(495) 374-21-79;\agents\agent_62.png;491360, Московская область, город Одинцово, въезд Ленина, 19;Приоритет = 431;Карпов Иосиф Максимович;5889206249;372789083
ООО;CибСервисСевер;email: faina02@muraveva.com;phone: +7 (922) 248-79-98;\agents\agent_74.png;711370, Курская область, город Истра, пр. Будапештсткая, 89;385;Чернов Геннадий Алексеевич;1719781819;742676221
ЗАО;СофтРосБух;email: ivanova.antonin@rodionov.ru;phone: +7 (922) 947-11-99;\agents\agent_63.png;747695, Амурская область, город Сергиев Посад, въезд Бухарестская, 46;Приоритет = 69;Белова Полина Владимировна;8321561226;807803984
ООО;Компания СервисТелеМотор;veronika.egorov@bespalova.com;phone: (35222) 13-15-63;\agents\agent_41.png;625988, Вологодская область, город Озёры, пр. Гоголя, 18;81;Фролова Эдуард Борисович;3248454160;138472695
ОАО;КрепФлот;danila.birykov@stepanov.ru;8-800-753-27-68;\agents\agent_90.png;357783, Рязанская область, город Павловский Посад, наб. Домодедовская, 44;349 в приоритете на поставку;Злата Романовна Корнилова;2795067090;967021779
ОАО;ГаражФорсаж;lydmila.belyeva@karpov.ru;phone: (495) 277-77-59;\agents\agent_47.png;294596, Мурманская область, город Шаховская, пр. Домодедовская, 88;335;Клавдия Фёдоровна Кудряшова;2816939574;754741128
МФО;ГлавРечФлот;email: emysnikov@kiselev.net;phone: 8-800-933-48-75;\agents\agent_85.png;116028, Челябинская область, город Балашиха, шоссе Космонавтов, 69;283 в приоритете на поставку;Шубина Валерия Евгеньевна;5299346323;214239563
ЗАО;МикроБашкирГор;ybragina@odintov.org;phone: (35222) 41-81-98;\agents\agent_86.png;437208, Астраханская область, город Озёры, спуск Славы, 45;427;Нонна Владимировна Горбунова;5774378274;352728364
ОАО;ХозЮпитер;email: jisakova@nazarova.com;phone: (495) 178-61-32;\agents\agent_53.png;038182, Курганская область, город Москва, спуск Космонавтов, 16;375 в приоритете на поставку;Максимоваа Вера Фёдоровна;6667635058;380592865
МКК;Дизайн;viktoriy73@kalinina.org;phone: +7 (922) 349-67-96;\agents\agent_71.png;243999, Орловская область, город Можайск, пер. Домодедовская, 77;330;Мельниковаа Федосья Борисовна;9646693050;201876935
ОАО;ЛифтАлмазТех;donat.gerasimov@rogova.ru;(495) 834-12-97;\agents\agent_77.png;925700, Нижегородская область, город Зарайск, шоссе Гоголя, 35;Приоритет = 497;Воронова Альберт Александрович;3950510936;240396350
ЗАО;Вод;email: savva86@zaiteva.ru;(495) 811-36-55;\agents\agent_68.png;964386, Оренбургская область, город Чехов, пл. Косиора, 80;359 в приоритете на поставку;Зоя Романовна Селезнёва;1296063939;447430051
МКК;CибГаз;email: inna.sarova@panfilov.ru;8-800-567-79-81;\agents\agent_42.png;365674, Архангельская область, город Серебряные Пруды, пр. Ленина, 29;Приоритет = 488;Вячеслав Романович Третьякова;6483417250;455013058
ПАО;МеталСервисМор;email: xdanilov@titov.ru;8-800-427-61-43;\agents\agent_23.png;293265, Иркутская область, город Клин, пр. Славы, 12;Приоритет = 475;Коновалова Кирилл Львович;6922817841;580142825
ПАО;МоторБашкирИнфоЭкспедиция;egorov.zanna@maslova.ru;(35222) 86-94-61;\agents\agent_88.png;352034, Сахалинская область, город Домодедово, пр. Балканская, 97;68 в приоритете на поставку;Тимофеева Регина Львовна;6542240791;928029129
ПАО;Пив;email: klavdiy50@nazarov.com;phone: (812) 465-97-96;\agents\agent_118.png;306012, Ростовская область, город Талдом, пл. Сталина, 01;198 в приоритете на поставку;Макар Романович Савельев;3936600214;873471159
ООО;Компания КазМеталКазань;mmoiseev@teterin.ru;(495) 683-76-57;\agents\agent_69.png;532703, Пензенская область, город Чехов, наб. Чехова, 81;252;Валерий Владимирович Хохлова;4598939812;303467543
ООО;Компания Орион;msorokina@andreeva.ru;+7 (922) 916-34-31;\agents\agent_70.png;661101, Оренбургская область, город Волоколамск, въезд Чехова, 16;Приоритет = 227;Елисееваа Эмилия Андреевна;8698706801;251899316
ЗАО;ИнфоАлмазГлав;email: valentin23@sitnikov.net;phone: +7 (922) 627-96-25;\agents\agent_112.png;937201, Самарская область, город Воскресенск, въезд Космонавтов, 10;133;Вишняков Гордей Владимирович;8990745795;517528851
ОАО;ТяжРадиоУралПроф;liliy62@grisina.ru;phone: +7 (922) 635-97-19;\agents\agent_27.png;521087, Орловская область, город Егорьевск, шоссе Ладыгина, 14;278 в приоритете на поставку;София Алексеевна Мухина;5688533246;401535045
ООО;РемМетиз;mdavydov@blokin.org;phone: (495) 698-56-86;\agents\agent_111.png;837800, Псковская область, город Солнечногорск, ул. Сталина, 67;296;Жанна Евгеньевна Гришинаа;2129059967;287016575
МФО;Гараж;antonin51@korolev.com;8-800-297-69-48;не указано;585758, Самарская область, город Красногорск, бульвар Балканская, 13;107;Панфилов Константин Максимович;2638464552;746822723
ООО;Компания МикроГлавУралЭкспедиция;nonna23@nesterova.ru;(495) 484-42-65;\agents\agent_109.png;225511, Новосибирская область, город Можайск, наб. Ладыгина, 82;387;Зайцева Лада Дмитриевна;5555957575;680301577
ПАО;БашкирРечТомск;aleksandra77@karpov.com;phone: +7 (922) 437-38-91;\agents\agent_39.png;136886, Амурская область, город Видное, въезд Космонавтов, 39;Приоритет = 84;Назарова Вера Андреевна;7027724917;823811460
ПАО;Орион;email: donat05@sokolova.com;(35222) 77-98-59;\agents\agent_104.png;049104, Новгородская область, город Павловский Посад, бульвар Ладыгина, 58;412;Клим Сергеевич Аксёнова;7387259022;875652541
МКК;МетизСтрой;kristina.pakomov@burova.ru;(35222) 77-46-44;\agents\agent_33.png;254238, Нижегородская область, город Павловский Посад, проезд Балканская, 23;374 в приоритете на поставку;Ева Борисовна Беспалова;4024742936;295608432
ЗАО;ЦементКрепТех-М;yna.evdokimov@gordeeva.ru;(812) 413-91-32;\agents\agent_21.png;263764, Свердловская область, город Раменское, пер. Косиора, 28;Приоритет = 189;Сергеев Владлен Александрович;5359981084;680416300
ОАО;РемВод;komarov.elizaveta@agafonova.ru;phone: (812) 766-11-88;\agents\agent_65.png;449723, Смоленская область, город Наро-Фоминск, пер. Ломоносова, 94;Приоритет = 1;Медведеваа Ярослава Фёдоровна;3986603105;811373078
ОАО;БашкирМотор;email: kseniy80@rusakov.net;(812) 176-77-77;\agents\agent_117.png;073468, Читинская область, город Шаховская, наб. Косиора, 99;91;Денисов Владимир Андреевич;6032171116;180861585
ООО;Компания МоторТелекомЦемент-М;larisa44@silin.org;phone: (812) 131-84-24;\agents\agent_57.png;021293, Амурская область, город Наро-Фоминск, шоссе Славы, 40;237;Иван Евгеньевич Белоусова;7326832482;440199498
ОАО;ЦементСантехФинансЛизинг;anfisa07@semenova.com;+7 (922) 877-12-28;\agents\agent_101.png;165429, Курганская область, город Озёры, въезд Балканская, 17;70 в приоритете на поставку;Даниил Фёдорович Григорьева;6290983121;136566390
ООО;Компания ВодАлмазIT;email: zakar37@nikolaeva.ru;phone: 8-800-595-91-99;\agents\agent_50.png;302100, Нижегородская область, город Мытищи, пер. 1905 года, 63;Приоритет = 31;Гуляев Егор Евгеньевич;2345297765;908449277
ООО;Компания БашкирСтрой;bgromov@tretykov.org;phone: (35222) 89-74-97;\agents\agent_80.png;152450, Брянская область, город Серебряные Пруды, наб. 1905 года, 56;92;Яна Дмитриевна Моисееваа;1660486169;253830866
ОАО;ТелеРечДизайн;email: kazakova.yroslava@silina.net;(812) 731-79-52;\agents\agent_82.png;063695, Новгородская область, город Можайск, шоссе Гагарина, 39;226;Виктория Романовна Королёваа;6369492130;115604622
ОАО;ГазГлавПивЛизинг;sysoeva.evgenii@kolesnikova.ru;phone: (495) 744-37-11;\agents\agent_91.png;899084, Амурская область, город Талдом, спуск Балканская, 34;52;Злата Сергеевна Архипова;5309136217;170258253
ОАО;Софт;email: jterentev@ersov.com;(35222) 15-35-92;\agents\agent_61.png;453714, Смоленская область, город Одинцово, спуск Косиора, 84;292 в приоритете на поставку;Петухова Прохор Фёдорович;3889910123;952047511
ОАО;Инфо;arsenii.mikailova@prokorov.com;(35222) 28-33-28;\agents\agent_28.png;100469, Рязанская область, город Ногинск, шоссе Гагарина, 57;304;Баранова Виктор Романович;6549468639;718386757
ОАО;ЭлектроШум;nataly89@kulakov.ru;(35222) 28-59-34;\agents\agent_103.png;975616, Вологодская область, город Клин, пер. Косиора, 57;Приоритет = 109;Игнатьеваа Флорентина Фёдоровна;3124748557;525403940
ЗАО;РыбВостокCибСнаб;email: filipp93@polykov.ru;8-800-486-84-47;\agents\agent_94.png;990758, Челябинская область, город Серпухов, въезд Космонавтов, 57;496 в приоритете на поставку;Степанова Фаина Львовна;2412503891;711642010
ПАО;СервисПивВектор;wersov@molcanova.com;(812) 564-46-65;\agents\agent_87.png;669558, Омская область, город Шаховская, шоссе Гагарина, 55;267 в приоритете на поставку;Олег Евгеньевич Журавлёв;4098988911;952390693
ПАО;Бух;valentina.bolsakova@aksenova.ru;phone: (35222) 99-92-42;\agents\agent_43.png;481744, Амурская область, город Щёлково, пл. Сталина, 48;Приоритет = 327;Тарасов Болеслав Александрович;2320989197;359282667
МКК;МеталТекстильЛифтТрест;muravev.trofim@sazonov.net;phone: 8-800-736-36-73;\agents\agent_25.png;786287, Свердловская область, город Волоколамск, пер. Будапештсткая, 72;Приоритет = 425;Одинцов Назар Борисович;2971553297;821859486
МФО;ВостокЛен;dmitrii90@zaitev.ru;(495) 971-71-24;\agents\agent_114.png;546530, Тульская область, город Видное, наб. Гагарина, 63;246;Лыткинаа Люся Дмитриевна;1697025997;931878289
ПАО;АлмазАсбоцементБухКомплекс;email: akoseleva@dementeva.ru;(812) 752-53-41;\agents\agent_119.png;794964, Мурманская область, город Озёры, ул. 1905 года, 56;39;Зыков Никита Александрович;8996890877;349709983
ПАО;ТверьМонтажОмск;dteterina@selezneva.ru;(35222) 92-87-52;\agents\agent_67.png;761751, Амурская область, город Балашиха, шоссе Гоголя, 02;Приоритет = 272;Матвей Романович Большакова;2421347164;157370604
МКК;ТверьХозМорСбыт;email: marina58@koroleva.com;(35222) 72-93-38;\agents\agent_56.png;252101, Ростовская область, город Дорохово, пер. Ленина, 85;207 в приоритете на поставку;Аким Львович Субботина;6681338084;460530907
ОАО;МорТехТелекомСнаб;garri.rybakov@ermakova.com;8-800-359-95-29;\agents\agent_98.png;239247, Архангельская область, город Лотошино, бульвар Ломоносова, 28;Приоритет = 149;Беспалова Ева Романовна;4354676693;631235170
ООО;Лифт;zinaida01@bespalova.ru;phone: (812) 887-59-97;\agents\agent_40.png;479565, Курганская область, город Клин, пл. Ленина, 54;92;Вера Евгеньевна Денисоваа;6169713039;848972934
МКК;МясХмельФлот;anna48@alekseev.ru;phone: 8-800-548-11-53;\agents\agent_72.png;252826, Костромская область, город Солнечногорск, проезд Ленина, 75;Приоритет = 372;Гавриил Львович Зуева;3019787650;974897634
ООО;Компания МобайлЮпитерМобайл;klara.gavrilov@nosova.com;(812) 941-35-96;\agents\agent_75.png;697880, Тюменская область, город Егорьевск, проезд Домодедовская, 82;31;Рожкова Аркадий Владимирович;3824054933;715845254
ООО;Компания Инж;email: osilova@muravev.ru;8-800-765-67-46;\agents\agent_99.png;475644, Ивановская область, город Луховицы, въезд Будапештсткая, 43;179;Чернова Инесса Сергеевна;6730622378;201657751
МФО;АсбоцементТехАвто;matveev.yliy@kiseleva.ru;(495) 676-81-98;\agents\agent_49.png;304975, Пензенская область, город Солнечногорск, шоссе Балканская, 76;247 в приоритете на поставку;Сидорова Любовь Ивановна;7626076463;579234124
ООО;Cиб;email: anfisa50@krykova.org;(812) 373-27-64;\agents\agent_83.png;194134, Омская область, город Волоколамск, пер. Косиора, 79;174;Беспалова Мирослав Владимирович;7892739766;524021828
МФО;СервисТомск;email: mukin.lev@komarov.ru;(35222) 66-31-65;\agents\agent_79.png;194903, Амурская область, город Ногинск, ул. Бухарестская, 45;475;Егор Сергеевич Филиппов;8538379073;761935124
ООО;ТверьМетизУралСнос;rlazareva@novikov.ru;+7 (922) 497-22-19;\agents\agent_48.png;880551, Ленинградская область, город Красногорск, ул. Гоголя, 61;165;Зоя Андреевна Соболева;1076095397;947828491
ОАО;Электро;likacev.makar@antonov.ru;(812) 264-41-75;\agents\agent_32.png;966815, Новгородская область, город Одинцово, пр. Космонавтов, 19;366;Шарапова Елена Дмитриевна;7896029866;786038848
ООО;Компания Алмаз;email: akalinina@zaitev.ru;+7 (922) 167-89-39;\agents\agent_60.png;016215, Воронежская область, город Зарайск, ул. Косиора, 48;259;Фоминаа Лариса Романовна;6698862694;662876919
ЗАО;ПивЛенТверь;dnikitina@antonova.ru;(812) 653-19-26;\agents\agent_110.png;783238, Тюменская область, город Серебряные Пруды, проезд 1905 года, 67;190;Костин Савва Романович;9476119404;365311390
ОАО;МетизБухРем;email: koselev.anfisa@selezneva.ru;+7 (922) 852-73-43;нет;318328, Кемеровская область, город Павловский Посад, спуск 1905 года, 92;Приоритет = 112;Нонна Фёдоровна Федотова;1449531554;124871353
ОАО;ITСтройАлмаз;fokin.eduard@samoilov.com;(35222) 46-33-91;не указано;361730, Костромская область, город Волоколамск, шоссе Славы, 36;159;Алексеева Валериан Андреевич;7689065648;456612755
МКК;МонтажОрионУрал;email: pzaitev@blokin.org;8-800-916-27-93;\agents\agent_35.png;027573, Тамбовская область, город Коломна, ул. Ленина, 20;50;Давыдоваа Нина Евгеньевна;1692286718;181380912
ОАО;ВодГор;tvetkova.robert@sorokin.com;phone: (35222) 61-58-74;\agents\agent_64.png;265653, Калужская область, город Ступино, шоссе Гоголя, 89;Приоритет = 72;Фаина Фёдоровна Филиппова;4463113470;899603778
МФО;ВостокКазРыб;flukin@misin.org;phone: +7 (922) 263-93-51;\agents\agent_51.png;059565, Оренбургская область, город Истра, шоссе Домодедовская, 27;361;Самсонов Родион Романович;7411284960;176779733
ООО;ЛифтРыб;maksim86@fokina.ru;+7 (922) 298-45-48;отсутствует;076703, Саратовская область, город Одинцово, ул. Косиора, 01;445 в приоритете на поставку;Субботин Анатолий Евгеньевич;3997121859;970823018
ЗАО;УралСтройХмель;aleksandr95@kolobova.ru;phone: (812) 986-94-47;\agents\agent_52.png;462632, Костромская область, город Шаховская, шоссе Сталина, 92;Приоритет = 372;Август Борисович Красильникова;8773558039;402502867
МКК;ГаражРосВекторПроф;adrian61@guseva.ru;8-800-595-65-86;\agents\agent_81.png;828207, Тверская область, город Щёлково, наб. Ленина, 70;189;Абрам Фёдорович Дроздов;1092776106;164232266
МКК;Каз;jsafonov@molcanov.com;(495) 829-15-77;\agents\agent_115.png;432454, Ленинградская область, город Луховицы, пр. Косиора, 88;291 в приоритете на поставку;Святослав Андреевич Моисеева;1036132639;918316432
ООО;КрепМетал;nika.kalasnikov@maslova.ru;+7 (922) 537-88-64;не указано;103296, Иркутская область, город Солнечногорск, пл. 1905 года, 59;Приоритет = 471;Андрей Сергеевич Лобанов;1689100612;671073273
ООО;Компания ЖелДорТверьМонтаж;burova.zlata@zueva.ru;(495) 168-53-94;\agents\agent_24.png;152424, Рязанская область, город Сергиев Посад, ул. 1905 года, 27;2;Нестор Максимович Гуляев;3325722996;665766347
ЗАО;ОрионСофтВодСнос;isukanov@sobolev.com;8-800-187-56-96;\agents\agent_36.png;577227, Калужская область, город Павловский Посад, наб. Чехова, 35;Приоритет = 361;Мухина Ян Фёдорович;1522348613;977738715
ОАО;БухМясМоторПром;varvara49@savin.ru;(35222) 73-81-81;нет;677498, Костромская область, город Зарайск, спуск Славы, 59;158 в приоритете на поставку;Нина Дмитриевна Черноваа;7377410338;592041317
ПАО;ГлавБашкирМоторБанк;xaksenova@kazakov.ru;(495) 134-27-72;нет;258285, Ульяновская область, город Ступино, пл. Ладыгина, 83;98 в приоритете на поставку;Стефан Алексеевич Андреев;9101293748;531950230
ПАО;Рем;rafail96@sukin.ru;(812) 111-67-11;\agents\agent_55.png;373761, Псковская область, город Наро-Фоминск, наб. Гагарина, 03;88 в приоритете на поставку;Альбина Александровна Романова;9006569852;152177100
